name,password,email,bio,rate
Eleonore2,xL2|$UaKaev,ebullan0@zdnet.com,Re-engineered solution-oriented projection,3.0
Caroline,xL2|$UaKaev,ebullan0@zdnet.com,Re-engineered solution-oriented projection,3.0
Twister,xL2|$UaKaev,ebullan0@zdnet.com,Re-engineered solution-oriented projection,3.0
Jorder,qum55dr,jorder@email.com,Everything about something,0.0
Jhon,3i0rj84,jhon@amil.com,Writing over java,0.0
lone,45h809,lone@email.com,talking about metal health,0.0
new,34th380,new@email.com,the latest inovations in tech,0.0
other,4ihf480,other@email.com,traveling in petr√≥polis[C,0.0
max,023h4r82h,max@email.com,making tables,0.0
james,i4h824,james@email.com,maketing in web design,0.0
